{
  "exact": 51.3371788148925,
  "f1": 58.162737539654955,
  "total": 3814,
  "HasAns_exact": 47.794949114210326,
  "HasAns_f1": 57.60749377167132,
  "HasAns_total": 2653,
  "NoAns_exact": 59.43152454780362,
  "NoAns_f1": 59.43152454780362,
  "NoAns_total": 1161,
  "best_exact": 51.41583639223912,
  "best_exact_thresh": 0.4916999936103821,
  "best_f1": 58.19594851675688,
  "best_f1_thresh": 0.49853515625
}